2018-09-06 05:18:56,b'\xf0\x9f\x92\x9c Ministry of Public Health #mrt #purpleline @JoeTrivisvavet https://t.co/lddIicGqH8',173841899
2018-09-06 03:02:15,b'RT @JoeTrivisvavet: #goodmorning #\xe0\xb8\xad\xe0\xb8\xa3\xe0\xb8\xb8\xe0\xb8\x93\xe0\xb8\xaa\xe0\xb8\xa7\xe0\xb8\xb1\xe0\xb8\xaa\xe0\xb8\x94\xe0\xb8\xb4\xe0\xb9\x8c have a cup of G-ness\xf0\x9f\xa4\x97\xe2\x98\x95\xef\xb8\x8f\xf0\x9f\x92\x9a\xf0\x9f\x92\x99#starbucks #starbucksthailand #MetroMall #happyhubofmrt #MRT #BMN #B\xe2\x80\xa6',2328837180
2018-09-06 02:50:25,"b""Can old ppl just stop starring at me for not giving you my seat ure not even THAT old and I don't feel guilty at all. #MRT""",78575590
2018-09-06 02:46:46,b'RT @JoeTrivisvavet: #goodmorning #\xe0\xb8\xad\xe0\xb8\xa3\xe0\xb8\xb8\xe0\xb8\x93\xe0\xb8\xaa\xe0\xb8\xa7\xe0\xb8\xb1\xe0\xb8\xaa\xe0\xb8\x94\xe0\xb8\xb4\xe0\xb9\x8c have a cup of G-ness\xf0\x9f\xa4\x97\xe2\x98\x95\xef\xb8\x8f\xf0\x9f\x92\x9a\xf0\x9f\x92\x99#starbucks #starbucksthailand #MetroMall #happyhubofmrt #MRT #BMN #B\xe2\x80\xa6',83398575
2018-09-06 02:32:49,b'RT @JoeTrivisvavet: #goodmorning #\xe0\xb8\xad\xe0\xb8\xa3\xe0\xb8\xb8\xe0\xb8\x93\xe0\xb8\xaa\xe0\xb8\xa7\xe0\xb8\xb1\xe0\xb8\xaa\xe0\xb8\x94\xe0\xb8\xb4\xe0\xb9\x8c have a cup of G-ness\xf0\x9f\xa4\x97\xe2\x98\x95\xef\xb8\x8f\xf0\x9f\x92\x9a\xf0\x9f\x92\x99#starbucks #starbucksthailand #MetroMall #happyhubofmrt #MRT #BMN #B\xe2\x80\xa6',77367750
2018-09-06 02:23:23,b'RT @JoeTrivisvavet: #goodmorning #\xe0\xb8\xad\xe0\xb8\xa3\xe0\xb8\xb8\xe0\xb8\x93\xe0\xb8\xaa\xe0\xb8\xa7\xe0\xb8\xb1\xe0\xb8\xaa\xe0\xb8\x94\xe0\xb8\xb4\xe0\xb9\x8c have a cup of G-ness\xf0\x9f\xa4\x97\xe2\x98\x95\xef\xb8\x8f\xf0\x9f\x92\x9a\xf0\x9f\x92\x99#starbucks #starbucksthailand #MetroMall #happyhubofmrt #MRT #BMN #B\xe2\x80\xa6',376537387
2018-09-06 02:21:56,b'RT @JoeTrivisvavet: #goodmorning #\xe0\xb8\xad\xe0\xb8\xa3\xe0\xb8\xb8\xe0\xb8\x93\xe0\xb8\xaa\xe0\xb8\xa7\xe0\xb8\xb1\xe0\xb8\xaa\xe0\xb8\x94\xe0\xb8\xb4\xe0\xb9\x8c have a cup of G-ness\xf0\x9f\xa4\x97\xe2\x98\x95\xef\xb8\x8f\xf0\x9f\x92\x9a\xf0\x9f\x92\x99#starbucks #starbucksthailand #MetroMall #happyhubofmrt #MRT #BMN #B\xe2\x80\xa6',1017389582097117185
2018-09-06 02:19:20,b'#goodmorning #\xe0\xb8\xad\xe0\xb8\xa3\xe0\xb8\xb8\xe0\xb8\x93\xe0\xb8\xaa\xe0\xb8\xa7\xe0\xb8\xb1\xe0\xb8\xaa\xe0\xb8\x94\xe0\xb8\xb4\xe0\xb9\x8c have a cup of G-ness\xf0\x9f\xa4\x97\xe2\x98\x95\xef\xb8\x8f\xf0\x9f\x92\x9a\xf0\x9f\x92\x99#starbucks #starbucksthailand #MetroMall #happyhubofmrt #MRT #BMN #BEM #\xe0\xb8\xa3\xe0\xb8\x96\xe0\xb9\x84\xe0\xb8\x9f\xe0\xb8\x9f\xe0\xb9\x89\xe0\xb8\xb2 #subway https://t.co/DW4WnieniT',245497852
2018-09-06 01:15:28,"b'#MRT A guy besides me literally had to update the GF (text) Who is he sitting next to, in the MRT (she asked for a photo) OMG fcking hillarious'",63930660
2018-09-06 00:24:43,b'Got the shock of my life... Hearing #tiongbahru but seeing #dover.. #mrt stop scaring me please... @ Singapore https://t.co/9h7SmRyV5D',437224118
2018-09-06 00:18:06,"b'I updated my blog!\nLRT/MRT in Manila using a beep card\xe3\x80\x94#34\xe3\x80\x95\nI bought a BEEP card and it was easy to get on.\nHowever, because there are few lines, the place to go is limited.\n\nhttps://t.co/rdWHFUtiss\n#travel #Manila #Philippines #tourism #train #mrt #lrt https://t.co/TtCjP62KLH'",1031333948142444544
2018-09-05 23:40:21,"b'Is this #recovery? With medication replacement therapy (#MRT) the issue may be #motivation, not #maintenance: https://t.co/4xTVN9IHi5\naddiction recovery'",757877612
2018-09-05 21:49:41,b'RT @LeftyWilliams42: It was great running into @MrT He was a honorary @Globies many moons ago thanks to the late great @meadowlarkL looking\xe2\x80\xa6',1651153268
2018-09-05 21:38:25,b'RT @LeftyWilliams42: It was great running into @MrT He was a honorary @Globies many moons ago thanks to the late great @meadowlarkL looking\xe2\x80\xa6',4828780539
2018-09-05 20:35:56,b'RT @LeftyWilliams42: It was great running into @MrT He was a honorary @Globies many moons ago thanks to the late great @meadowlarkL looking\xe2\x80\xa6',418358896
2018-09-05 20:10:57,b'RT @LeftyWilliams42: It was great running into @MrT He was a honorary @Globies many moons ago thanks to the late great @meadowlarkL looking\xe2\x80\xa6',606534569
2018-09-05 19:13:49,b'RT @LeftyWilliams42: It was great running into @MrT He was a honorary @Globies many moons ago thanks to the late great @meadowlarkL looking\xe2\x80\xa6',3383665330
2018-09-05 16:39:31,b'MRT Truck Tire/wheel set special comes with free shipping. Sale last all September to celebrate and support our hard working men and women. Happy Labor Day !! Call or click us for details \xf0\x9f\xa4\x9f #mrt #motoracetire #xroxtrucktires #xroxjeeptires #labordaysale https://t.co/dPvLALRopX',2876271320
2018-09-05 14:41:04,"b'RT @SEHALeague: \xe2\x8f\xb017:15, @bgkmeshkova host @RKMetalurg in #Brest. Catch it live on @TV_ArenaSport, @SportklubPl, #MRT and #ehfTV. #SEHALeagu\xe2\x80\xa6'",1479099804
2018-09-05 14:13:29,"b'\xe2\x8f\xb017:15, @bgkmeshkova host @RKMetalurg in #Brest. Catch it live on @TV_ArenaSport, @SportklubPl, #MRT and #ehfTV. #SEHALeague #Gazprom https://t.co/EYknL6L6Fj'",2158957212
2018-09-05 12:40:19,b'Hope that our story will be like My Sassy Girl Movie...\n\n2018.365-248\n\n#Project365\n#MRT\n#Trains @ GMA Kamuning MRT Station https://t.co/o3spfsOqKj',2536203381
2018-09-05 07:52:48,"b'Yes! - #Shenzhen - such high #economic growth yet quiet &amp; peaceful - #travel brings such surprises #smartcity #eco #environmental #taxis #bustransport - high quality inexpensive &amp; efficient #MRT, #urbanplanning #cycle #transport #connectivity #IoT #AI #BigData #EVs #China #Asia https://t.co/fgai6wib7Y'",871343173318184964
2018-09-05 07:11:23,"b""We won't be seeing Trucks on 8 Roads of Bangkok during Rush Hours \n\xe2\x9d\x8c \xf0\x9f\x9a\x9b\xf0\x9f\x9a\x9b\xf0\x9f\x9a\x9b \xf0\x9f\x9a\xab\n#MRT #\xe0\xb8\xa3\xe0\xb8\x96\xe0\xb9\x84\xe0\xb8\x9f\xe0\xb8\x9f\xe0\xb9\x89\xe0\xb8\xb2 #\xe0\xb8\xa3\xe0\xb8\x96\xe0\xb8\x95\xe0\xb8\xb4\xe0\xb8\x94 #\xe0\xb8\x88\xe0\xb8\xa3\xe0\xb8\xb2\xe0\xb8\x88\xe0\xb8\xa3 #\xe0\xb8\x81\xe0\xb8\xa3\xe0\xb8\xb8\xe0\xb8\x87\xe0\xb9\x80\xe0\xb8\x97\xe0\xb8\x9e #\xe0\xb8\x96\xe0\xb8\x99\xe0\xb8\x99\xe0\xb8\xa5\xe0\xb8\xb2\xe0\xb8\x94\xe0\xb8\x9e\xe0\xb8\xa3\xe0\xb9\x89\xe0\xb8\xb2\xe0\xb8\xa7 #\xe0\xb8\x96\xe0\xb8\x99\xe0\xb8\x99\xe0\xb9\x80\xe0\xb8\xaa\xe0\xb8\xa3\xe0\xb8\xb5\xe0\xb9\x84\xe0\xb8\x97\xe0\xb8\xa2 #\xe0\xb8\x96\xe0\xb8\x99\xe0\xb8\x99\xe0\xb8\xa3\xe0\xb8\xb2\xe0\xb8\xa1\xe0\xb8\x84\xe0\xb8\xb3\xe0\xb9\x81\xe0\xb8\xab\xe0\xb8\x87 #\xe0\xb8\x96\xe0\xb8\x99\xe0\xb8\x99\xe0\xb9\x81\xe0\xb8\x88\xe0\xb9\x89\xe0\xb8\x87\xe0\xb8\xa7\xe0\xb8\xb1\xe0\xb8\x92\xe0\xb8\x99\xe0\xb8\xb0 #\xe0\xb8\x96\xe0\xb8\x99\xe0\xb8\x99\xe0\xb8\xa3\xe0\xb8\xb2\xe0\xb8\xa1\xe0\xb8\xad\xe0\xb8\xb4\xe0\xb8\x99\xe0\xb8\x97\xe0\xb8\xa3\xe0\xb8\xb2 #\xe0\xb8\x96\xe0\xb8\x99\xe0\xb8\x99\xe0\xb8\xaa\xe0\xb8\xb5\xe0\xb8\xab\xe0\xb8\x9a\xe0\xb8\xb8\xe0\xb8\xa3\xe0\xb8\xb2\xe0\xb8\x99\xe0\xb8\xb8\xe0\xb8\x81\xe0\xb8\xb4\xe0\xb8\x88 #\xe0\xb8\x96\xe0\xb8\x99\xe0\xb8\x99\xe0\xb8\xa8\xe0\xb8\xa3\xe0\xb8\xb5\xe0\xb8\x99\xe0\xb8\x84\xe0\xb8\xa3\xe0\xb8\xb4\xe0\xb8\x99\xe0\xb8\x97\xe0\xb8\xa3\xe0\xb9\x8c #\xe0\xb8\x96\xe0\xb8\x99\xe0\xb8\x99\xe0\xb9\x80\xe0\xb8\x97\xe0\xb8\x9e\xe0\xb8\xb2\xe0\xb8\xa3\xe0\xb8\xb1\xe0\xb8\x81\xe0\xb8\xa9\xe0\xb9\x8c https://t.co/YbW00JRakv""",1647040380
2018-09-05 04:28:39,b'testing #dc724af18fbdd4e59189f5fe768a5f8311527050 #MRT',2355573674
2018-09-05 03:42:24,"b'https://t.co/XoKt3wHy5k Studio Unit at Rhythm Asoke #Luxury #Condo for #Rent at only 15,000 Baht/Month for a one year contract.\nAlso for #Sale with at 3,900,000 Baht #Property #Bangkok #Realestate #BCR #MRT #Petchaburi #Primelocation #AirportlinkMakkasan #investment #highfloor'",1156602570
2018-09-05 03:05:14,b'RT @rkelly: What some folks see as tacky others see as a testimony.  Tell your story even when they don\xe2\x80\x99t understand. \n\n#MorningsWithKellz\xe2\x80\xa6',1025218697181503488
2018-09-05 00:00:33,"b""Who's ready for some Golden Hawk Intramurals?  Mrs. Redding, Mr. Tomaszewksi &amp; Mr. Thorley want YOU!  \nPOWDER PUFF 2018 is hitting the turf in October \xf0\x9f\x8f\x88 \xf0\x9f\x92\x97\xf0\x9f\x92\xaa \xf0\x9f\x8f\x88 \n#powderpuff #girlsrule #goldenhawks #girlsonly #mrsredding #mrt #mrthorley #intramurals #allarewelcome https://t.co/GRrnFS428v""",2358690546
2018-09-04 23:59:03,"b'It is hilarious to witness how ppl literally run, push &amp; pull to #fight for a seat on the #MRT here in #Taiwan! #SmartCity'",1043708342
2018-09-04 21:40:07,b'RT @LeftyWilliams42: It was great running into @MrT He was a honorary @Globies many moons ago thanks to the late great @meadowlarkL looking\xe2\x80\xa6',2892660820
2018-09-04 19:27:03,b'Labor Day sale for the month of September 2018. 4 Tires + 4 Wheels mounted and shipped for $1600 + free shipping!!! #mrt #motoracetire #xroxtrucktire #xroxjeeptire https://t.co/52DLBABSQV',2876271320
2018-09-04 18:41:03,"b'RT @MrT: It was a Blessing to rub elbows with the Champ! \xe2\x80\x9cI hated every minute of training, but I said, Don\xe2\x80\x99t quit. Suffer now and live the\xe2\x80\xa6'",375011951
2018-09-04 17:31:12,"b""#BlogtalkTravel, #TheBlogger's #MRT experience. https://t.co/drhJ6SXnBY""",27007945
2018-09-04 15:59:47,b'#NorthParkResidences #Condo #Rent #Sale. By #NorthpointCity &amp; #Yishun #MRT station. @ North Park Residences Condo Rental &amp; Sales Concierge https://t.co/jGkJb3g1pB',69192180
2018-09-04 14:33:38,"b'Mr. T3PO. \n\xe2\x80\x98Oh dear, I pity the fool...\xe2\x80\x99\n#starwars #c3po #MRT https://t.co/p44cNTv5Nh'",359554762
2018-09-04 13:47:49,b'RT @bitlivewireio: @bitlivewireio World Node Payment #37 \nA new ATH!!!\n236 payments\n7688496.0 #WavesWorld paid\n39.12189997 $Waves paid\n1249\xe2\x80\xa6',65456543
2018-09-04 13:45:15,b'RT @bitlivewireio: @bitlivewireio World Node Payment #37 \nA new ATH!!!\n236 payments\n7688496.0 #WavesWorld paid\n39.12189997 $Waves paid\n1249\xe2\x80\xa6',21602789
2018-09-04 13:44:10,b'RT @bitlivewireio: @bitlivewireio World Node Payment #37 \nA new ATH!!!\n236 payments\n7688496.0 #WavesWorld paid\n39.12189997 $Waves paid\n1249\xe2\x80\xa6',30358888
2018-09-04 12:32:13,b'@bitlivewireio World Node Payment #37 \nA new ATH!!!\n236 payments\n7688496.0 #WavesWorld paid\n39.12189997 $Waves paid\n1249.93 MinersReward #MRT paid\nFile posted Waves Platform #Cryptocurrency Club!\n#Wavesplatform #Airdrops #Blockchain #Crypto #Bitcoin #Startups #Airdropbot  #Waves https://t.co/wC8MUE3DN2',966407256202973191
2018-09-04 12:08:19,b'RT @LeftyWilliams42: It was great running into @MrT He was a honorary @Globies many moons ago thanks to the late great @meadowlarkL looking\xe2\x80\xa6',376421760
2018-09-04 11:12:58,b'RT @LeftyWilliams42: It was great running into @MrT He was a honorary @Globies many moons ago thanks to the late great @meadowlarkL looking\xe2\x80\xa6',822624280638869504
2018-09-04 09:59:55,b'RT @LeftyWilliams42: It was great running into @MrT He was a honorary @Globies many moons ago thanks to the late great @meadowlarkL looking\xe2\x80\xa6',931842937406869505
2018-09-04 09:53:02,b'@TUIUKNewsroom I pity the fool who was not at last nights acts on @marellacruises #marellacruises loved @djsaracox 80s \xf0\x9f\x91\x91 #Electricsunsets #80s #80scruise #80stribute #mrt #lookalike  we are heading back to the \xf0\x9f\x87\xac\xf0\x9f\x87\xa7 &amp; doing it 80s style!! #meetandgreet #tui #cruiselife #cruising https://t.co/oirvuDQj6o',26540162
2018-09-04 09:31:27,b'I pity the fool who was not at last nights acts on #marellacruises loved @djsaracox 80s queen \xf0\x9f\x91\x91 @ministryofsoundofficial were epic #Electricsunsets #80s #80scruise #80stribute #mrt #lookalike... https://t.co/1SZ09HH4oW',26540162
2018-09-04 08:23:31,"b'RT @GamudaBhd: Last month, MMC Gamuda conducted a mandatory Launching Gantry (LG) emergency response drill at the Taman Pinggiran Putra con\xe2\x80\xa6'",134634995
2018-09-04 08:09:02,"b""Ready for another famous van? Today's van is the GMC Vandura - otherwise known as the A-Team van! This van was an action hero of its own in the 1980s - what do you think of it? #ateam #vans #MrT #movies https://t.co/QftQo4UDfu""",335964376
2018-09-04 07:28:18,"b'RT @GamudaBhd: Last month, MMC Gamuda conducted a mandatory Launching Gantry (LG) emergency response drill at the Taman Pinggiran Putra con\xe2\x80\xa6'",21164364
2018-09-04 07:21:55,"b""How will Jakarta's MRT and LRT networks transform the real estate market?\n\n@JLL @JLLIndonesia #Jokowi #jokowidodo #MRT #LRT #development #infrastructure #publictransport #trains #realestate #investment #realestatemarket\n\nRead more: https://t.co/cdIpXRGgwh https://t.co/tcXZjW8QcR""",897038034524405760
2018-09-04 06:17:44,b'#merit #mrt Merit in 45 Seconds https://t.co/ylCMslFSz8 Merit coin !!! \xf0\x9f\x9a\x80 visit https://t.co/064RM1Tytk',987959741812002821
2018-09-04 05:19:39,b'RT @LeftyWilliams42: It was great running into @MrT He was a honorary @Globies many moons ago thanks to the late great @meadowlarkL looking\xe2\x80\xa6',883824127953514496
2018-09-04 04:59:24,b'RT @LeftyWilliams42: It was great running into @MrT He was a honorary @Globies many moons ago thanks to the late great @meadowlarkL looking\xe2\x80\xa6',2866597379
2018-09-04 02:54:12,"b'#mrt #jimihendrix @ Sacramento, California https://t.co/1oILXkkKnZ'",80463355
2018-09-04 02:17:49,b'I used to think that the London Underground is amazing but the Singapore MRT &amp; HK MTR are a class apart!#MRT #TrainsOfHongKong #HongKong #HKLiving #UrbanPhotography #Wanderlust #JoinOurJourneys #ExploreTheWorld #ExploreHongKong #TravelPhotography #TravelBlogger #shotoniphone https://t.co/WfpXHWJn75',139887519
2018-09-04 01:48:31,"b'Ummmm @leafharing and I can confirm, you have the wrong man for the job #mrT https://t.co/OkmVifl5Ir'",436382965
2018-09-04 01:07:40,b'RT @AttyKarenJimeno: #BART #Train to San Francisco disrupted today due to train tracks repair. Service disruption happens often in #MRT Man\xe2\x80\xa6',4801001238
2018-09-03 23:48:58,b'Here is my new one. #corelpainter #art #MRT #pitythefool #surfacepro #digitalpainting https://t.co/NSCdiDNeIL',25028574
2018-09-03 23:28:49,b'RT @LeftyWilliams42: It was great running into @MrT He was a honorary @Globies many moons ago thanks to the late great @meadowlarkL looking\xe2\x80\xa6',3120221800
2018-09-03 22:37:52,b'RT @LeftyWilliams42: It was great running into @MrT He was a honorary @Globies many moons ago thanks to the late great @meadowlarkL looking\xe2\x80\xa6',2275736752
2018-09-03 22:35:33,b'RT @LeftyWilliams42: It was great running into @MrT He was a honorary @Globies many moons ago thanks to the late great @meadowlarkL looking\xe2\x80\xa6',4304542812
2018-09-03 22:18:18,b'RT @LeftyWilliams42: It was great running into @MrT He was a honorary @Globies many moons ago thanks to the late great @meadowlarkL looking\xe2\x80\xa6',103348556
2018-09-03 22:13:48,b'RT @LeftyWilliams42: It was great running into @MrT He was a honorary @Globies many moons ago thanks to the late great @meadowlarkL looking\xe2\x80\xa6',513739938
2018-09-03 21:49:59,b'RT @LeftyWilliams42: It was great running into @MrT He was a honorary @Globies many moons ago thanks to the late great @meadowlarkL looking\xe2\x80\xa6',1458485366
2018-09-03 21:48:26,b'RT @LeftyWilliams42: It was great running into @MrT He was a honorary @Globies many moons ago thanks to the late great @meadowlarkL looking\xe2\x80\xa6',2155792447
2018-09-03 21:47:46,b'It was great running into @MrT He was a honorary @Globies many moons ago thanks to the late great @meadowlarkL looking forward to future endeavors with my team @TheHarlemDreams thanks for all the kind words as well as the special gift for my wife blessings! #MrT #HarlemDreams https://t.co/b7mkIGEzqg',66885445
2018-09-03 18:53:50,"b'RT @GamudaBhd: Last month, MMC Gamuda conducted a mandatory Launching Gantry (LG) emergency response drill at the Taman Pinggiran Putra con\xe2\x80\xa6'",1944126122
2018-09-03 15:27:55,b'RT @AttyKarenJimeno: #BART #Train to San Francisco disrupted today due to train tracks repair. Service disruption happens often in #MRT Man\xe2\x80\xa6',490636475
2018-09-03 15:13:50,"b""He said he was sorry because he doesn't know where it came from.  \n\nThat he bothers to apologize and tried to justify, really made me laughed so loud. \nEither he is cockroach man from MIB or he tak mandi pagi! Hahahaha\n\n#whenyouapologizeovernothing\n#mrt\n#cockroach https://t.co/1sVuCDWzjf""",2851922456
2018-09-03 13:49:03,b'RT @industrialguru2: Missing MRT Stations on the North-South &amp; North-East MRT Lines\n\nNorth South Line (NS 6)? North East Line (NE2)?\n\nhttps\xe2\x80\xa6',1033268231392223233
2018-09-03 13:48:41,b'RT @industrialguru2: How Singaporeans will Benefit from the Upcoming 24KM Jurong Region Line\n\nhttps://t.co/DSnuO8G5UY\n\n#Jurong #BoonLay #Ju\xe2\x80\xa6',1033268231392223233
2018-09-03 11:18:09,b'Why stop there?  #MrT https://t.co/AVs4keoX9E',1885322636
2018-09-03 11:15:42,b'How to stay humble! One of the best responses I\xe2\x80\x99ve heard! #MrT #stayhumble #Leadership #success #motivation #grind #BOSS https://t.co/1LxLY2b9EP',926642378240286720
2018-09-03 10:42:12,b'RT @AttyKarenJimeno: #BART #Train to San Francisco disrupted today due to train tracks repair. Service disruption happens often in #MRT Man\xe2\x80\xa6',1799062069
2018-09-03 08:47:00,"b'RT @GamudaBhd: Last month, MMC Gamuda conducted a mandatory Launching Gantry (LG) emergency response drill at the Taman Pinggiran Putra con\xe2\x80\xa6'",588779890
2018-09-03 08:46:11,"b'RT @GamudaBhd: Last month, MMC Gamuda conducted a mandatory Launching Gantry (LG) emergency response drill at the Taman Pinggiran Putra con\xe2\x80\xa6'",385323351
2018-09-03 08:17:52,b'RT @MrT: It was nice running into Antonio Fargas. #Ipitythefool #Mrt #Throwbackthursday #Antoniofargas https://t.co/cGrl6ok8On',718413483394478080
2018-09-03 07:37:23,"b'Last month, MMC Gamuda conducted a mandatory Launching Gantry (LG) emergency response drill at the Taman Pinggiran Putra construction site. #MRT #SSPLine #Safety #Bomba @MRTMalaysia'",2359641416
2018-09-03 06:51:10,"b'#Bangkok #Krungthep #thailand #skyline looking to #Jatakuk, #BangSue and #ari #ttavel #travelblogger #mrt @ Tao Poon MRT Station https://t.co/mD0G2KUGJf'",75257855
2018-09-03 05:27:31,b'RT @AttyKarenJimeno: #BART #Train to San Francisco disrupted today due to train tracks repair. Service disruption happens often in #MRT Man\xe2\x80\xa6',2349696816
2018-09-03 05:21:10,b'RT @AttyKarenJimeno: #BART #Train to San Francisco disrupted today due to train tracks repair. Service disruption happens often in #MRT Man\xe2\x80\xa6',2233553792
2018-09-03 04:53:37,"b'https://t.co/UEgr9kObup Very Spacious 3 Bedroom Unit at Sathorn Crest #Condo for #Rent at only 100,000 Baht/Month for a minimum one year contract #Property #Bangkok #Realestate #BCR #MRT #Lumpini #Saladeang #Sathorn #Primelocation #hotprice #3Bedroom #BangkokCityRealestate #City'",1156602570
2018-09-03 04:44:18,b'RT @AttyKarenJimeno: #BART #Train to San Francisco disrupted today due to train tracks repair. Service disruption happens often in #MRT Man\xe2\x80\xa6',39029722
2018-09-03 04:39:51,b'RT @AttyKarenJimeno: #BART #Train to San Francisco disrupted today due to train tracks repair. Service disruption happens often in #MRT Man\xe2\x80\xa6',772443612
2018-09-03 04:36:32,b'RT @AttyKarenJimeno: #BART #Train to San Francisco disrupted today due to train tracks repair. Service disruption happens often in #MRT Man\xe2\x80\xa6',295740868
2018-09-03 04:30:22,b'RT @AttyKarenJimeno: #BART #Train to San Francisco disrupted today due to train tracks repair. Service disruption happens often in #MRT Man\xe2\x80\xa6',25039038
2018-09-03 03:27:01,b'Having Dinner with my Cousin Chantel\n#SuckerfreeSd\n#FriedGreenTomatoes\n#MrT @ Suckerfree Southern Plate &amp; Bar https://t.co/pGwDvJON9w',23215614
2018-09-03 03:16:18,b'RT @MrT: It was nice running into Antonio Fargas. #Ipitythefool #Mrt #Throwbackthursday #Antoniofargas https://t.co/cGrl6ok8On',1638764076
2018-09-03 03:04:21,"b'https://t.co/guFPpfnaqo 2 Bedroom Corner Unit at Circle S 12 Luxury Condo for Sale at 13,300,000 Baht\n#Sale #Condo #Property #Bangkok #Realestate #BCR #BTS #2Bedroom #Cornerunit #hotprice #investment #Luxury #Primelocation #Asoke #MRT #Sukhumvit #BangkokCityRealestate #City'",1156602570
2018-09-03 02:29:10,"b'I\xe2\x80\x99m starting to realise how much I enjoy taking the #MRT to work - I get some fresh air walking to the station/office, I don\xe2\x80\x99t have to deal with lost or surly @GrabSG drivers AND it\xe2\x80\x99s 90% cheaper.'",16803066
2018-09-03 01:59:44,b'RT @AttyKarenJimeno: #BART #Train to San Francisco disrupted today due to train tracks repair. Service disruption happens often in #MRT Man\xe2\x80\xa6',444126896
2018-09-03 01:57:01,b'RT @AttyKarenJimeno: #BART #Train to San Francisco disrupted today due to train tracks repair. Service disruption happens often in #MRT Man\xe2\x80\xa6',451186376
2018-09-03 01:04:19,b'RT @AttyKarenJimeno: #BART #Train to San Francisco disrupted today due to train tracks repair. Service disruption happens often in #MRT Man\xe2\x80\xa6',237423693
2018-09-03 00:53:46,b'RT @AttyKarenJimeno: #BART #Train to San Francisco disrupted today due to train tracks repair. Service disruption happens often in #MRT Man\xe2\x80\xa6',26194850
2018-09-03 00:50:45,b'RT @AttyKarenJimeno: #BART #Train to San Francisco disrupted today due to train tracks repair. Service disruption happens often in #MRT Man\xe2\x80\xa6',44212940
2018-09-03 00:46:08,"b'#BART #Train to San Francisco disrupted today due to train tracks repair. Service disruption happens often in #MRT Manila. But difference here is organized contingency planning. We were advised ahead, deboarded &amp; assisted to free shuttles that took us to a different station. https://t.co/zU6QeMySXS'",178954876
2018-09-02 22:48:44,b'Don\xe2\x80\x99t really understand this... #boathouse #disney_first #mrT @ The Boathouse https://t.co/m1H9Iina7q',20612076
2018-09-02 20:25:29,"b'Wayback Burger and D.C. Cab, my labor Day weekend tradition lol. \n\n#LaborDayWeekend #LaborDay2018 #FastFood #80s #mrt #comedy https://t.co/cSfYe3O6d5'",765373457332776960
2018-09-02 18:22:03,b'RT @MrT: It was nice running into Antonio Fargas. #Ipitythefool #Mrt #Throwbackthursday #Antoniofargas https://t.co/cGrl6ok8On',704997347286192128
2018-09-02 15:30:51,"b'@princesssparkletwat Savannah is always making awesomely strange tattoos, and she did not disappoint last night. \n\n#modifieddesign #tattoo #tattoos #mrt #ateam #ipitythefool #uniquetattoos  @ Modified Design Tattoo &amp; Piercing'",35022925
2018-09-02 08:16:44,b'In today\xe2\x80\x99s #MisterT #MrT story the big fella advises us it is harder to not quit than throw in the towel but not quitting is much more rewarding \xf0\x9f\xa4\xb7\xf0\x9f\x8f\xbc\xe2\x80\x8d\xe2\x99\x82\xef\xb8\x8f Don\xe2\x80\x99t be a quitter FOOL!!! https://t.co/yD53Mv7Zrm https://t.co/L5q83vEEdC',967747090477649922
2018-09-02 07:30:57,b'Second Fathers Day without you here dad \xf0\x9f\x92\x94 Happy Fathers Day in Heaven! \xf0\x9f\x98\x98 #MrT https://t.co/fFz9Nsk1ff',339377583
2018-09-02 07:13:23,b'First time taking the MRT.. Impressive.. This is the only thing that bugger did right in his 10 years as PM of \xf0\x9f\x87\xb2\xf0\x9f\x87\xbe #MRT #kualalumpur #malaysia @ MRT Bukit Bintang https://t.co/HblepQjEEA',177492441
2018-09-02 04:37:31,b'Pupper in the pram. #taipeimrt #taipei #mrt @ Daan Park Station https://t.co/XG9vrfHYBP',148035356
2018-09-02 03:47:05,b'RT: #ALLIN #ZeroHour #Starrcast #WWECleveland #WWEShanghai Fans!\n\n#TonyAtlas Shoots HARD on #WWF (#WWE) 1984-1986 (wild ending)\n#WrestleMania 1 &amp; 2\n#VinceMcMahon &amp; his #racism\n#MrT\nMemories &amp; Legends https://t.co/YT9Q9J3WaD\n\nKids Groups &amp; Non-Profits! https://t.co/T1PyT9T3Sn https://t.co/3AraaMfYZK',389152308
2018-09-01 21:21:41,"b'All mine hehe xxxx @the_stu_art \xf0\x9f\x98\x8d\xf0\x9f\x98\x8d\xf0\x9f\x98\x9c\xf0\x9f\x98\x9c #hubby #weekendaway #windsor #drinks  #cocktails #allbarone #mrt #happyanniversary @ Windsor, Berkshire https://t.co/YRqsYg7O2c'",41856338
2018-09-01 21:19:59,"b'All mine hehe xxxx @the_stu_art \xf0\x9f\x98\x8d\xf0\x9f\x98\x8d\xf0\x9f\x98\x9c\xf0\x9f\x98\x9c #hubby #weekendaway #windsor #drinks  #cocktails #allbarone #mrt #happyanniversary @ Windsor, Berkshire https://t.co/aerVlTJibN'",41856338
2018-09-01 20:06:15,b'RT @SBRCelebrityArt: @MrT I designed this kick ass bead art beanie for Megan!! She wanted it put on a light pink beanie! Hope you see &amp; sha\xe2\x80\xa6',809124435231969280
2018-09-01 20:06:09,b'@MrT I designed this kick ass bead art beanie for Megan!! She wanted it put on a light pink beanie! Hope you see &amp; share it!! I would be honored to make you a ball cap or beanie with your design! Let me know which one &amp; where to send? #Ateam #mrt #80s #fashion #celebrity \xf0\x9f\x91\x8a\xf0\x9f\x8f\xbb\xf0\x9f\x92\x95 https://t.co/vLBt31Mgs2',809124435231969280
2018-09-01 15:35:17,b'\xe2\x80\x9c I pity the fool!\xe2\x80\x9d #clubberlang #rocky #mrT https://t.co/ZaDmEZPDk5',54302493
2018-09-01 13:25:20,"b""RT @SilverAgeTV: On this date in 1985, #GeorgePeppard and #MrT of NBC's action-adventure series #TheATeam were featured on the cover of #TV\xe2\x80\xa6""",760463458810863616
2018-09-01 12:13:00,b'RT @MrT: It was nice running into Antonio Fargas. #Ipitythefool #Mrt #Throwbackthursday #Antoniofargas https://t.co/cGrl6ok8On',156227373
2018-09-01 11:04:23,b'RT @SiennyLovesDraw: On my way\xf0\x9f\x9a\x8a#MRT with my #kbeauty #beauty #makeup\xf0\x9f\x98\x8d\xf0\x9f\x91\xa9\xf0\x9f\x8f\xbb\xf0\x9f\x91\x84\xf0\x9f\x92\x84\xf0\x9f\x91\x81from #altheakorea #althea &amp; #pentaxyl from @motives #Saturday #le\xe2\x80\xa6',3921375739
2018-09-01 10:06:38,b'RT @MrT: It was nice running into Antonio Fargas. #Ipitythefool #Mrt #Throwbackthursday #Antoniofargas https://t.co/cGrl6ok8On',902969820525809664
2018-09-01 06:59:03,b'RT @MrT: It was nice running into Antonio Fargas. #Ipitythefool #Mrt #Throwbackthursday #Antoniofargas https://t.co/cGrl6ok8On',251065166
2018-09-01 03:29:32,"b'Malaysia BUSUK sewerage treatment area@shoplots,commercial &amp;  residence areas in Selangor,have tall weeds,wild grass  &amp; plants-the  area breeding mosquitoes &amp; snakes-Y malaysian Selangor MAYOR  bangsat,BUSUK &amp; tak perduli?#muar #melaka #ipoh #kuching #PPUM #MRT #KualaLumpur'",1358292138
2018-09-01 03:08:24,"b""RT @SilverAgeTV: On this date in 1985, #GeorgePeppard and #MrT of NBC's action-adventure series #TheATeam were featured on the cover of #TV\xe2\x80\xa6""",815721771643060225
2018-09-01 02:19:26,b'@bengleib @LastWeekOnEarth #MrT cause I want to hang out with a bunch of acrobats kids all day.',3062176218
2018-09-01 01:54:14,b'On my way\xf0\x9f\x9a\x8a#MRT with my #kbeauty #beauty #makeup\xf0\x9f\x98\x8d\xf0\x9f\x91\xa9\xf0\x9f\x8f\xbb\xf0\x9f\x91\x84\xf0\x9f\x92\x84\xf0\x9f\x91\x81from #altheakorea #althea &amp; #pentaxyl from @motives #Saturday #learning #sriannanoraliza #workshop #wellness #bepretty #female #women #style #styling #MPH #MPHGroupPublising #siennylovesdrawing @MPHBOOKSTORE @booksbymph https://t.co/jHpPfqQVuF',927879606643781632
2018-09-01 01:52:37,b'#Taipei #mrt gets a #Taiwan inspired #mickeymouse &amp; #Disney themed train. https://t.co/XMGlKoSkpa https://t.co/K6WvzEdhSj',249972275
2018-09-01 01:32:30,"b""RT @SilverAgeTV: On this date in 1985, #GeorgePeppard and #MrT of NBC's action-adventure series #TheATeam were featured on the cover of #TV\xe2\x80\xa6""",904503339169271808
2018-08-31 22:47:12,b'RT @MrT: It was nice running into Antonio Fargas. #Ipitythefool #Mrt #Throwbackthursday #Antoniofargas https://t.co/cGrl6ok8On',700593795860004864
2018-08-31 19:56:01,b'RT @CCI_MRT: Today is International Overdose Awareness Day!  We salute all practitioners who are working to offer #MRT and other #substance\xe2\x80\xa6',1031653064422375424
2018-08-31 19:54:53,"b'Today is International Overdose Awareness Day!  We salute all practitioners who are working to offer #MRT and other #substanceabuse programs worldwide, and the family and friends who offer tremendous love and support to those suffering.'",829100172881887232
2018-08-31 19:41:50,b'RT @MrT: It was nice running into Antonio Fargas. #Ipitythefool #Mrt #Throwbackthursday #Antoniofargas https://t.co/cGrl6ok8On',361079656
2018-08-31 19:23:47,b'#2real #MrT\nVideo: That Time Mr T Eloquently Checked A Show Host Who Attempted To Roast His Sneakers! - https://t.co/7M5kbNoTgR via @Worldstar',983642053199519744
2018-08-31 19:23:32,b'RT @MrT: It was nice running into Antonio Fargas. #Ipitythefool #Mrt #Throwbackthursday #Antoniofargas https://t.co/cGrl6ok8On',1015776723235770368
2018-08-31 17:09:05,"b""RT @SilverAgeTV: On this date in 1985, #GeorgePeppard and #MrT of NBC's action-adventure series #TheATeam were featured on the cover of #TV\xe2\x80\xa6""",1716217832
2018-08-31 15:38:40,b'Another great rehearsal for Men \nWe can\xe2\x80\x99t wait for this one \n#mrt #men\n#actresses #ourhappyplace https://t.co/tyKFdN9e4X',765585143977345024
2018-08-31 15:35:41,"b""RT @SilverAgeTV: On this date in 1985, #GeorgePeppard and #MrT of NBC's action-adventure series #TheATeam were featured on the cover of #TV\xe2\x80\xa6""",1883294683
2018-08-31 14:45:06,"b""RT @SilverAgeTV: On this date in 1985, #GeorgePeppard and #MrT of NBC's action-adventure series #TheATeam were featured on the cover of #TV\xe2\x80\xa6""",21160187
2018-08-31 14:39:08,"b""RT @SilverAgeTV: On this date in 1985, #GeorgePeppard and #MrT of NBC's action-adventure series #TheATeam were featured on the cover of #TV\xe2\x80\xa6""",2201921123
2018-08-31 14:36:29,"b'RT @RecoverySI: Is this #recovery? With medication replacement therapy (#MRT) the issue may be #motivation, not #maintenance: https://t.co/\xe2\x80\xa6'",931539906958057472
2018-08-31 14:35:55,"b""RT @SilverAgeTV: On this date in 1985, #GeorgePeppard and #MrT of NBC's action-adventure series #TheATeam were featured on the cover of #TV\xe2\x80\xa6""",358373430
2018-08-31 14:27:41,"b""RT @SilverAgeTV: On this date in 1985, #GeorgePeppard and #MrT of NBC's action-adventure series #TheATeam were featured on the cover of #TV\xe2\x80\xa6""",1588953781
2018-08-31 14:25:26,"b""RT @SilverAgeTV: On this date in 1985, #GeorgePeppard and #MrT of NBC's action-adventure series #TheATeam were featured on the cover of #TV\xe2\x80\xa6""",1948368672
2018-08-31 14:22:55,"b""RT @SilverAgeTV: On this date in 1985, #GeorgePeppard and #MrT of NBC's action-adventure series #TheATeam were featured on the cover of #TV\xe2\x80\xa6""",346332755
2018-08-31 14:19:15,"b""RT @SilverAgeTV: On this date in 1985, #GeorgePeppard and #MrT of NBC's action-adventure series #TheATeam were featured on the cover of #TV\xe2\x80\xa6""",852455528
2018-08-31 14:18:29,"b""RT @SilverAgeTV: On this date in 1985, #GeorgePeppard and #MrT of NBC's action-adventure series #TheATeam were featured on the cover of #TV\xe2\x80\xa6""",409743308
2018-08-31 14:17:12,"b""On this date in 1985, #GeorgePeppard and #MrT of NBC's action-adventure series #TheATeam were featured on the cover of #TVGuide. https://t.co/nD0srJGJK7""",1122506204
2018-08-31 13:49:46,b'RT @MrT: It was nice running into Antonio Fargas. #Ipitythefool #Mrt #Throwbackthursday #Antoniofargas https://t.co/cGrl6ok8On',3294697301
2018-08-31 13:26:49,b'RT @MrT: It was nice running into Antonio Fargas. #Ipitythefool #Mrt #Throwbackthursday #Antoniofargas https://t.co/cGrl6ok8On',843722408
2018-08-31 12:02:07,b'RT @MrT: It was nice running into Antonio Fargas. #Ipitythefool #Mrt #Throwbackthursday #Antoniofargas https://t.co/cGrl6ok8On',59822096
2018-08-31 09:57:17,b'RT @MrT: It was nice running into Antonio Fargas. #Ipitythefool #Mrt #Throwbackthursday #Antoniofargas https://t.co/cGrl6ok8On',294641790
2018-08-31 08:36:37,b'Taking the #MRT today. Can you guess which MRT station I started taking this video at? https://t.co/JbGOtPxQfo',88225591
2018-08-31 08:29:08,b'RT @MrT: It was nice running into Antonio Fargas. #Ipitythefool #Mrt #Throwbackthursday #Antoniofargas https://t.co/cGrl6ok8On',1669619552
2018-08-31 08:03:45,b'RT @MrT: It was nice running into Antonio Fargas. #Ipitythefool #Mrt #Throwbackthursday #Antoniofargas https://t.co/cGrl6ok8On',885604664
2018-08-31 07:00:40,"b'And I ain\xe2\x80\x99t gonna get in no plane, fool.\n#MrT #Legend https://t.co/2M6R00K8nf'",1073916740
2018-08-31 06:45:56,b'RT @MrT: It was nice running into Antonio Fargas. #Ipitythefool #Mrt #Throwbackthursday #Antoniofargas https://t.co/cGrl6ok8On',1060182799
2018-08-31 06:15:15,b'RT @MrT: It was nice running into Antonio Fargas. #Ipitythefool #Mrt #Throwbackthursday #Antoniofargas https://t.co/cGrl6ok8On',193805825
2018-08-31 06:08:42,b'RT @MrT: It was nice running into Antonio Fargas. #Ipitythefool #Mrt #Throwbackthursday #Antoniofargas https://t.co/cGrl6ok8On',102483623
2018-08-31 05:38:42,b'RT @MrT: It was nice running into Antonio Fargas. #Ipitythefool #Mrt #Throwbackthursday #Antoniofargas https://t.co/cGrl6ok8On',1034308548765917185
2018-08-31 04:27:33,b'Pupper in the pram corgi edition. #mrt #newtaipeicity https://t.co/poMDdxP0Z6',148035356
2018-08-31 03:58:40,b'#tbt #MrT was a real one he walked around like this and nobody tried him ever #Fact https://t.co/RTrmSwtHFZ',497351881
2018-08-31 03:42:15,"b'https://t.co/dPJMLo0tsf Spacious 1 Bedroom Unit at The Wind Sukhumvit 23 #Luxury #Condo for #Rent at 30,000 Baht/Month for a minimum one year contract. #Condo #Property #Bangkok #Realestate #BCR #BTS #MRT #Sukhumvit #Primelocation #hotprice #1Bedroom #BangkokCItyRealestate #City'",1156602570
2018-08-31 03:41:40,b'RT @MrT: It was nice running into Antonio Fargas. #Ipitythefool #Mrt #Throwbackthursday #Antoniofargas https://t.co/cGrl6ok8On',16337690
2018-08-31 03:28:09,"b'Is this #recovery? With medication replacement therapy (#MRT) the issue may be #motivation, not #maintenance: https://t.co/4xTVN9IHi5\naddiction recovery'",757877612
2018-08-31 03:06:46,b'Radio time!! \n\n#mrt\n#radio\n#radiko\n#mrs\n#mrsjapaninternational \n#titleholders \n#miyazaki\n#\xe3\x83\x9f\xe3\x82\xbb\xe3\x82\xb9\xe3\x82\xa4\xe3\x83\xb3\xe3\x82\xbf\xe3\x83\xbc\xe3\x83\x8a\xe3\x82\xb7\xe3\x83\xa7\xe3\x83\x8a\xe3\x83\xab\n#\xe6\x97\xa5\xe6\x9c\xac\xe4\xbb\xa3\xe8\xa1\xa8 https://t.co/q9S6osgnca',865074876230455296
2018-08-31 02:17:43,b'RT @MrT: It was nice running into Antonio Fargas. #Ipitythefool #Mrt #Throwbackthursday #Antoniofargas https://t.co/cGrl6ok8On',726635229226524672
2018-08-31 02:08:18,"b'#Pontian #Traxxfm #Filipinos #PPUM #MRT One hand holding SMARTPHONE&amp;driving car,DIE FAST,less mouth 2    feed,gud 4 Malaysia economy-Bodoh Malaysian motorist ROADKILLER VBY 9896'",966124512759619585
2018-08-31 01:24:45,b'RT @MrT: It was nice running into Antonio Fargas. #Ipitythefool #Mrt #Throwbackthursday #Antoniofargas https://t.co/cGrl6ok8On',124236099
2018-08-31 01:21:28,b'RT @MrT: It was nice running into Antonio Fargas. #Ipitythefool #Mrt #Throwbackthursday #Antoniofargas https://t.co/cGrl6ok8On',48601446
2018-08-31 01:07:32,b'RT @MrT: It was nice running into Antonio Fargas. #Ipitythefool #Mrt #Throwbackthursday #Antoniofargas https://t.co/cGrl6ok8On',766758277438930944
2018-08-31 00:49:42,b'First day of @rolleproject after school dance program!! Two more locations coming soon \xf0\x9f\x98\x8e\xf0\x9f\x98\x8b #mrt #takeover #rolleproject #vegas @ 100 Academy of Excellence - Imagine Schools https://t.co/nhoyfBM3wb',125008886
2018-08-31 00:36:48,b'RT @MrT: It was nice running into Antonio Fargas. #Ipitythefool #Mrt #Throwbackthursday #Antoniofargas https://t.co/cGrl6ok8On',191209718
2018-08-31 00:17:40,b'RT @MrT: It was nice running into Antonio Fargas. #Ipitythefool #Mrt #Throwbackthursday #Antoniofargas https://t.co/cGrl6ok8On',433654875
2018-08-30 23:42:00,b'RT @MrT: It was nice running into Antonio Fargas. #Ipitythefool #Mrt #Throwbackthursday #Antoniofargas https://t.co/cGrl6ok8On',57196908
2018-08-30 23:37:04,b'Let\xe2\x80\x99s rollin...\n.\n.\n#red #vespa #scooter #sprint #dailyroutine #mrt https://t.co/81DbCBbxMJ',145629999
2018-08-30 23:29:03,b'RT @MrT: It was nice running into Antonio Fargas. #Ipitythefool #Mrt #Throwbackthursday #Antoniofargas https://t.co/cGrl6ok8On',1898012118
2018-08-30 23:20:13,b'RT @MrT: It was nice running into Antonio Fargas. #Ipitythefool #Mrt #Throwbackthursday #Antoniofargas https://t.co/cGrl6ok8On',29557639
2018-08-30 22:51:14,b'RT @MrT: It was nice running into Antonio Fargas. #Ipitythefool #Mrt #Throwbackthursday #Antoniofargas https://t.co/cGrl6ok8On',903725428338286593
2018-08-30 22:17:02,b'RT @MrT: It was nice running into Antonio Fargas. #Ipitythefool #Mrt #Throwbackthursday #Antoniofargas https://t.co/cGrl6ok8On',102782204
2018-08-30 22:16:04,b'RT @MrT: It was nice running into Antonio Fargas. #Ipitythefool #Mrt #Throwbackthursday #Antoniofargas https://t.co/cGrl6ok8On',308646131
2018-08-30 22:14:16,b'RT @MrT: It was nice running into Antonio Fargas. #Ipitythefool #Mrt #Throwbackthursday #Antoniofargas https://t.co/cGrl6ok8On',1497010340
2018-08-30 22:10:42,b'RT @MrT: It was nice running into Antonio Fargas. #Ipitythefool #Mrt #Throwbackthursday #Antoniofargas https://t.co/cGrl6ok8On',294816548
2018-08-30 22:06:23,b'RT @MrT: It was nice running into Antonio Fargas. #Ipitythefool #Mrt #Throwbackthursday #Antoniofargas https://t.co/cGrl6ok8On',497098229
2018-08-30 21:52:42,b'RT @MrT: It was nice running into Antonio Fargas. #Ipitythefool #Mrt #Throwbackthursday #Antoniofargas https://t.co/cGrl6ok8On',54177344
2018-08-30 21:52:05,b'the secrets to our success... #nunbowling #cupofnoodles #hulksmash #frankenhand #unicorn #stressballs #candyjar #cowbell #desktoys #grownchildren #mrt #coffee #vsco #graphicdesigner\xe2\x80\xa6 https://t.co/oFeI5JXqg6',76192754
2018-08-30 21:49:02,b'RT @MrT: It was nice running into Antonio Fargas. #Ipitythefool #Mrt #Throwbackthursday #Antoniofargas https://t.co/cGrl6ok8On',863958169118224385
2018-08-30 21:42:35,b'RT @MrT: It was nice running into Antonio Fargas. #Ipitythefool #Mrt #Throwbackthursday #Antoniofargas https://t.co/cGrl6ok8On',295177093
2018-08-30 21:28:14,b'RT @MrT: It was nice running into Antonio Fargas. #Ipitythefool #Mrt #Throwbackthursday #Antoniofargas https://t.co/cGrl6ok8On',216743201
2018-08-30 21:27:29,b'RT @MrT: It was nice running into Antonio Fargas. #Ipitythefool #Mrt #Throwbackthursday #Antoniofargas https://t.co/cGrl6ok8On',3010704366
2018-08-30 21:27:08,b'RT @MrT: It was nice running into Antonio Fargas. #Ipitythefool #Mrt #Throwbackthursday #Antoniofargas https://t.co/cGrl6ok8On',408669883
2018-08-30 21:20:42,b'RT @MrT: It was nice running into Antonio Fargas. #Ipitythefool #Mrt #Throwbackthursday #Antoniofargas https://t.co/cGrl6ok8On',922072245924704256
2018-08-30 21:19:44,b'RT @MrT: It was nice running into Antonio Fargas. #Ipitythefool #Mrt #Throwbackthursday #Antoniofargas https://t.co/cGrl6ok8On',2955942885
2018-08-30 21:03:56,"b'@ThatDameLana ""Stop the jibba jabba and take the picture foo""  \xf0\x9f\x98\x85I LOVE #MrT'",874163171191398400
2018-08-30 21:03:10,b'RT @MrT: It was nice running into Antonio Fargas. #Ipitythefool #Mrt #Throwbackthursday #Antoniofargas https://t.co/cGrl6ok8On',341932508
2018-08-30 21:02:47,b'RT @MrT: It was nice running into Antonio Fargas. #Ipitythefool #Mrt #Throwbackthursday #Antoniofargas https://t.co/cGrl6ok8On',15492744
2018-08-30 21:00:01,b'RT @MrT: It was nice running into Antonio Fargas. #Ipitythefool #Mrt #Throwbackthursday #Antoniofargas https://t.co/cGrl6ok8On',27739232
2018-08-30 20:54:40,b'RT @MrT: It was nice running into Antonio Fargas. #Ipitythefool #Mrt #Throwbackthursday #Antoniofargas https://t.co/cGrl6ok8On',81390317
2018-08-30 20:54:06,b'RT @MrT: It was nice running into Antonio Fargas. #Ipitythefool #Mrt #Throwbackthursday #Antoniofargas https://t.co/cGrl6ok8On',494297705
2018-08-30 20:51:31,b'RT @MrT: It was nice running into Antonio Fargas. #Ipitythefool #Mrt #Throwbackthursday #Antoniofargas https://t.co/cGrl6ok8On',446627283
2018-08-30 20:51:20,b'RT @MrT: It was nice running into Antonio Fargas. #Ipitythefool #Mrt #Throwbackthursday #Antoniofargas https://t.co/cGrl6ok8On',825788091164086272
2018-08-30 20:50:32,b'RT @MrT: It was nice running into Antonio Fargas. #Ipitythefool #Mrt #Throwbackthursday #Antoniofargas https://t.co/cGrl6ok8On',818954043439665152
2018-08-30 20:48:37,b'RT @MrT: It was nice running into Antonio Fargas. #Ipitythefool #Mrt #Throwbackthursday #Antoniofargas https://t.co/cGrl6ok8On',23096650
2018-08-30 20:48:01,b'RT @MrT: It was nice running into Antonio Fargas. #Ipitythefool #Mrt #Throwbackthursday #Antoniofargas https://t.co/cGrl6ok8On',1453593342
2018-08-30 20:47:55,b'RT @MrT: It was nice running into Antonio Fargas. #Ipitythefool #Mrt #Throwbackthursday #Antoniofargas https://t.co/cGrl6ok8On',717418731870273536
2018-08-30 20:47:27,b'RT @MrT: It was nice running into Antonio Fargas. #Ipitythefool #Mrt #Throwbackthursday #Antoniofargas https://t.co/cGrl6ok8On',3379433954
2018-08-30 20:47:23,b'RT @MrT: It was nice running into Antonio Fargas. #Ipitythefool #Mrt #Throwbackthursday #Antoniofargas https://t.co/cGrl6ok8On',60171839
2018-08-30 20:45:33,b'RT @MrT: It was nice running into Antonio Fargas. #Ipitythefool #Mrt #Throwbackthursday #Antoniofargas https://t.co/cGrl6ok8On',12986172
2018-08-30 20:45:04,b'RT @MrT: It was nice running into Antonio Fargas. #Ipitythefool #Mrt #Throwbackthursday #Antoniofargas https://t.co/cGrl6ok8On',395976515
2018-08-30 20:43:42,b'RT @MrT: It was nice running into Antonio Fargas. #Ipitythefool #Mrt #Throwbackthursday #Antoniofargas https://t.co/cGrl6ok8On',841057617602609152
2018-08-30 20:43:32,b'RT @MrT: It was nice running into Antonio Fargas. #Ipitythefool #Mrt #Throwbackthursday #Antoniofargas https://t.co/cGrl6ok8On',20385776
2018-08-30 20:43:19,b'RT @MrT: It was nice running into Antonio Fargas. #Ipitythefool #Mrt #Throwbackthursday #Antoniofargas https://t.co/cGrl6ok8On',43946404
2018-08-30 20:42:55,b'RT @MrT: It was nice running into Antonio Fargas. #Ipitythefool #Mrt #Throwbackthursday #Antoniofargas https://t.co/cGrl6ok8On',11695172
2018-08-30 20:41:58,b'RT @MrT: It was nice running into Antonio Fargas. #Ipitythefool #Mrt #Throwbackthursday #Antoniofargas https://t.co/cGrl6ok8On',743438647
2018-08-30 20:41:56,b'RT @MrT: It was nice running into Antonio Fargas. #Ipitythefool #Mrt #Throwbackthursday #Antoniofargas https://t.co/cGrl6ok8On',18877526
2018-08-30 20:41:20,b'RT @MrT: It was nice running into Antonio Fargas. #Ipitythefool #Mrt #Throwbackthursday #Antoniofargas https://t.co/cGrl6ok8On',48762460
2018-08-30 20:40:37,b'RT @MrT: It was nice running into Antonio Fargas. #Ipitythefool #Mrt #Throwbackthursday #Antoniofargas https://t.co/cGrl6ok8On',2884120773
2018-08-30 20:40:29,b'It was nice running into Antonio Fargas. #Ipitythefool #Mrt #Throwbackthursday #Antoniofargas https://t.co/cGrl6ok8On',472872558
2018-08-30 16:50:56,"b'Had a great time playing at The Lescar last night and looking forward to more of the same tonight at The Fox, Twickenham! Bring your horn/axe down for the second set.\n-\n-\n#jazz #trio #MRT\xe2\x80\xa6 https://t.co/V9kCeAJDl0'",963010626
2018-08-30 15:28:31,b'RT @PopCultureCars: The A-Team\n...\n#PopCars #PopCultureCars #TheATeam #ATeam #MrT #Film https://t.co/vCetRLpEB7',14958722
2018-08-30 13:33:57,b'RT @nucleuspunch: Hello Mr. T #MrT #Shakespeare #Othello #library  \xf0\x9f\x91\x80 https://t.co/4168W7VQVL',1244110268
2018-08-30 13:03:01,b'Hello Mr. T #MrT #Shakespeare #Othello #library  \xf0\x9f\x91\x80 https://t.co/4168W7VQVL',768269126
2018-08-30 10:47:04,b'Now playing #MrT - Gramophone on three clock hours FM',89819176
2018-08-30 08:32:10,b'@ibroken69 @OgbeniDipo Return to #MRT ville Sir.',520461104
2018-08-30 04:32:42,"b""Check out Pre-Owned Mr. T I Pity The Fool  Men's T Shirt Novelty Print SZ M Black #GraphicTee https://t.co/1RBDr1JGFU via @eBay #mrt #pitythefool #mohawk #jewelry #novelty #fashionspectrumebay""",988564536234987520
2018-08-29 22:50:41,"b'RT @SlyStalloneShop: The greatest challenge is here!!! Our classic Rocky III Tee is now available and live on https://t.co/LYS6q4pri0! YES,\xe2\x80\xa6'",2318065299
2018-08-29 22:11:03,b'pusing ah #05d36c13aa85dae410e75a5a7b0fc72776bc729e #MRT',2355573674
2018-08-29 21:14:24,b'RT @Maltman_Mike: NEW YOUTUBE REVIEW: Mr T checks out the all new @GlenMorayDist Peated PX Finish. A distillery only bottling. https://t.co\xe2\x80\xa6',100334734
2018-08-29 21:12:26,b'RT @Maltman_Mike: NEW YOUTUBE REVIEW: Mr T checks out the all new @GlenMorayDist Peated PX Finish. A distillery only bottling. https://t.co\xe2\x80\xa6',871425086779269120
2018-08-29 20:46:06,"b'RT @SlyStalloneShop: The greatest challenge is here!!! Our classic Rocky III Tee is now available and live on https://t.co/LYS6q4pri0! YES,\xe2\x80\xa6'",54266257
2018-08-29 19:57:56,b'Be the best you and surround yourself with greatness !!!! #MrDon #MrT #makingadifference #Vegas https://t.co/mjfOkUpChl',125008886
2018-08-29 19:37:41,b'RT @VWOfficial: #tbt Intriguing in 1983...resilient in 2018 Keep pushing on! \xe2\x81\xa6@people\xe2\x81\xa9 #ronaldreagan #MRT #jenniferbeal #richardchamberlin\xe2\x80\xa6',858061332
2018-08-29 19:12:01,"b'Looking forward to playing with these legends tonight at The Lescar, Sheffield\n-\n-\nGoing to be off the chain\n-\n-\n#jazz #trio #MRT #MatthewReadTrio #anecdotesvolume2 #sheffield\xe2\x80\xa6 https://t.co/LYaB6AOgVv'",963010626
2018-08-29 18:44:41,b'RT @Maltman_Mike: NEW YOUTUBE REVIEW: Mr T checks out the all new @GlenMorayDist Peated PX Finish. A distillery only bottling. https://t.co\xe2\x80\xa6',4448510121
2018-08-29 18:37:14,b'NEW YOUTUBE REVIEW: Mr T checks out the all new @GlenMorayDist Peated PX Finish. A distillery only bottling. https://t.co/gu6HH7iFax #GlenMoray #WhiskyReview #WhiskeyReview #MrT #MaltmanMike #Whisky #Whiskey #WhiskyWednesday #WhiskyTube #Review #Vlog',3021986157
2018-08-29 17:33:58,"b'RT @SlyStalloneShop: The greatest challenge is here!!! Our classic Rocky III Tee is now available and live on https://t.co/LYS6q4pri0! YES,\xe2\x80\xa6'",426138031
2018-08-29 17:04:42,"b'The greatest challenge is here!!! Our classic Rocky III Tee is now available and live on https://t.co/LYS6q4pri0! YES, WE SHIP WORLDWIDE \xf0\x9f\x8c\x8e. #sylvesterstallone #slystallone #slystalloneshop #rocky #rockybalboa #MrT #clubberlang #philadelphia https://t.co/SVbFOhkDle'",2376238427
2018-08-29 16:37:53,"b'Today! ""Metro Connect"" With Supervisor Mark Ridley-Thomas\xc2\xa0 - #MRT #Construction #Free #CityofLA #Metro https://t.co/TFtLexegP9'",2548663754
2018-08-29 12:46:05,b'#Taiwan police use fire extinguisher to overpower woman brandishing knife at #Taipei Longshan Temple #MRT station. https://t.co/1qDLGTaIEP https://t.co/aySQaLuj2L',3048930572
2018-08-29 12:09:07,"b""It's time to commit to becoming your BEST YOU! If you've been waiting for a sign... THIS IS IT! \n#FIT36 #HIIT #HIITfam  #FitFam #Fitspo #FriendsWhoHIIT #HIIT #MRT #Microcycles https://t.co/tu2JNxnUgS""",2856030914
2018-08-29 06:11:39,"b'https://t.co/Iy6dh4aqSF 1 Bedroom Unit at Trapezo Sukhumvit 16 Luxury #Condo for #Rent at only 22,000 Baht/Month for a one year contract.\nAlso for #Sale at 5,700,000 Baht#property #Bangkok #Realestate #BCR #BTSAsoke #MRT #Sukhumvit #Primelocation #Luxury #1Bedroom #Investment'",1156602570
2018-08-29 05:14:42,"b'Things can look different when you look at it from a different viewpoint #architecture #kajang #mrt #roof #sky #blue @ Kajang, Malaysia https://t.co/NRsjK1hh0n'",1330251
2018-08-29 04:34:01,"b'https://t.co/CgV62pYxNY Spacious 1 Bedroom #Duplex Unit at Haus 23 Ratchada-Ladprao #Luxury #Condo for #Rent at only 22,000 Baht/Month for a one year contract\nAlso for #Sale at only 4,990,000 Baht#Property #Bangkok #Realestate #BCR #MRT #Latprao #Primelocation #highfloor'",1156602570
2018-08-29 04:06:06,b'Good day start with \nC O F F E E and Y O U \xf0\x9f\x92\x99\n.\n.\n.\nAvailable at Rocket X \nMRT Thailand Cultural Centre Exit 3 \n\xe2\x98\x95\xef\xb8\x8f\xf0\x9f\x8d\xaa\xf0\x9f\x8d\xae\xf0\x9f\xa5\xaa\xf0\x9f\xa5\x90\xf0\x9f\x8d\x9e\n#mrt #bmn #metromallbangkok\n#coffee  #rocketcoffeebar\n#rocketX\xe2\x80\xa6 https://t.co/PBJsw57SS4',113969167
2018-08-29 03:06:29,b'How Singaporeans will Benefit from the Upcoming 24KM Jurong Region Line\n\nhttps://t.co/DSnuO8G5UY\n\n#Jurong #BoonLay #JurongEast #ChoaChuKang #MRT #Singapore #JRL #West #Singaporeans #NTU #Benefit https://t.co/fNgdT4nn1A',1033268231392223233
2018-08-29 03:06:13,"b'https://t.co/PNA8UwrM4T Very High Floor 2 Bedroom Corner Unit at The Room Rama 4 #Luxury #Condo for #Rent at only 60,000 Baht/Month for a one year contract.\n #Property #Bangkok #Realestate #BCR #MRT #HuaLamphong #Primelocation #highfloor #unblockedview #Cornerunit #2Bedroom'",1156602570
2018-08-29 01:46:06,b'What a cute entrance to an underground station! #mrt #mrta #Samyod #\xe0\xb8\xa3\xe0\xb8\x96\xe0\xb9\x84\xe0\xb8\x9f\xe0\xb9\x83\xe0\xb8\x95\xe0\xb9\x89\xe0\xb8\x94\xe0\xb8\xb4\xe0\xb8\x99 #\xe0\xb8\x81\xe0\xb8\x97\xe0\xb8\xa1 https://t.co/TjYLXWZkQ3',54745435
2018-08-29 01:10:24,b'Peek-a-boo. #peeptoe #shoes #footwear #commute #MRT https://t.co/GifhnYv7IP',46629693
2018-08-29 00:41:38,"b'Long line... long way to go.... #mrt #mrtproblems @ MRT, North Avenue Station https://t.co/ngfWopr6gJ'",111028198
2018-08-28 22:20:45,"b""That's it. My future is with the LTFRB. Tangina Pilipinas ang hirap mong mahalin, but watch me love the hell out of you. #MRT""",724193554893959168
2018-08-28 14:57:26,b'New look for inaugural #MRT line finalized https://t.co/it3elEvxrE',756796452
2018-08-28 14:48:57,"b'#seanp as #mrT #ninjawhat! #this might be my favorite new page. Yo I\xe2\x80\x99m on it! #superdope #realhiphop #cartoonfavorites \xf0\x9f\x92\xaa\xf0\x9f\x8f\xbd\xe2\x9c\x8a\xf0\x9f\x8f\xbd\xe2\x9c\x8a\xf0\x9f\x8f\xbd#staylit #hotep #ase #sankofa @ Gwinnett County, Georgia https://t.co/ORB3PKwmIF'",2732789572
2018-08-28 14:28:29,b'Invite-only cryptocurrency @merit (#MRT) launches #P2P marketplace | @crypto_ninjas: https://t.co/CTCOnITtSC #CryptoMarket #ExchangeModel #PeerToPeer https://t.co/4hCpexPhJD',1511994504
2018-08-28 12:22:52,"b'RT @Nizpiz: Oh God. No. Just no. Not just the dancing, but the necklace. Step aside Mr T \xf0\x9f\x92\x83\xf0\x9f\x8f\xbb #TheresaMay #DancingQueen #theresamaydancing #j\xe2\x80\xa6'",1021403362535903232
2018-08-28 12:07:56,"b'Oh God. No. Just no. Not just the dancing, but the necklace. Step aside Mr T \xf0\x9f\x92\x83\xf0\x9f\x8f\xbb #TheresaMay #DancingQueen #theresamaydancing #justno #mrT https://t.co/kdN5f01rNe'",89432753
2018-08-28 10:16:52,b'Sightseeing Bangkok with public transportation!:-) #BTS #SkyTrain #MRT #Subway #Metro #Chaophraya #Express #LongTail #JamesBond #Boat #TukTuk #MyGuideMyStyle #GuideBangkok @AiKertpin @AKertpin @tysonpeveto @Korawun2 https://t.co/PzovEHnscQ',931500182
2018-08-28 10:12:48,b'RT @coolproducts2C: Mr.T is such a down to earth guy. I love his message about the importance of being humble... respect! .\n.\n#mrt #respect\xe2\x80\xa6',589087489
2018-08-28 10:00:11,b'Mr T at Amir Khan\xe2\x80\x99s training camp wishing him good luck and Talking about the A Team\n#LetsTalkAboutIT #Boxing #Sport #AmirKhan #MrT #TheATeam #Edgenote50Tv https://t.co/igIi4gZ44l',1029664028778487810
2018-08-28 09:55:50,"b'The everyday experience of the commuting public using the LRT and the MRT is terrible. Dear politicians, pls try to use public transportation everyday so you can truly feel how we feel. #adventure #commuter #LRT #MRT'",424058858
2018-08-28 06:34:49,"b'#Repost @fanisetas (get_repost)\n\xe3\x83\xbb\xe3\x83\xbb\xe3\x83\xbb\n""Mercenary Rhapsody"" El #EquipoA #ATeam a lo #BohemianRhapsody ilustrado por @Andriu_ilust #camisetas #tees #tshirts #queen #series #tvshows #mrt\xe2\x80\xa6 https://t.co/PhFtL3CxwH'",1054914060
2018-08-28 05:26:59,b'\xe2\x80\x9c Don\xe2\x80\x99t take a man\xe2\x80\x99s good will for granted. \xe2\x80\x9c\n.\n.\n.\n#cimo #elcimo #eltrip #eurasian #throwback #singapore #mrt @ City Hall MRT Station https://t.co/CnZQsI1b6s',105826321
2018-08-28 03:52:34,"b'https://t.co/sZ71i2SYop Very Spacious 110 Sq.m of Office Space at RS Tower for #Rent at only 80,000 Baht/Month for a one year contract #Office #Property #Bangkok #BCR #MRT #Thailandculturalcenter #Primelocation #investment #Officespace #unblockedview #BangkokCityRealestate #City'",1156602570
2018-08-28 03:45:46,b'Triple play... #xroxdd #mrtracetires #seanhaluchracing #mrt #motoracetire #utvracing https://t.co/A4pMF4HWjY',2876271320
2018-08-28 03:28:37,b'\xe2\x80\x9c\xe1\xb4\xb9AS\xe1\xb5\x80E\xe1\xb4\xbf OF \xc2\xb9S OWN L\xe2\x84\xb9\xef\xb8\x8eFE\xe2\x80\x9d #masterofonesownlife #mrt #taipeimrt #metro #metrocard #nightwalk #nightmarket #friendstrip #traveler #yellowboy #travelphotographer #iphonephotography\xe2\x80\xa6 https://t.co/YR0n3rVBCf',292989955
2018-08-28 01:30:55,b'so near yet so far. #mrt',180704586
2018-08-28 00:40:34,"b""It's not what they call you, it's what you respond to.\n#MrT.""",23885775
2018-08-28 00:24:56,"b""#MrT @MrT is out here spreading the word\xf0\x9f\x99\x8f\xf0\x9f\x93\xbf\xf0\x9f\x99\x8c on #tbnhd #tbn . I had to stop flipping station &amp; listen to his testimony. Hope one day I can share my testimony with you. #ClubberLang #clubber #RockyIII #ipittythefool . I pitty the fool that doesn't believe in Jesus""",42150569
2018-08-27 19:32:34,"b'RT @MrT: Flash Back Friday...My good Friend David Ross and I, on the set of Dancing With The Stars. Good times! #Flashbackfriday #Mrt #Ipit\xe2\x80\xa6'",701032145981059073
2018-08-27 18:09:58,b'Just watch a rerun of the A-TEAM ! When @BoyGeorge turns up! Random!! #throwback #mrT',330974122
2018-08-27 17:53:50,"b'Feet on the ground, head towards heaven. #StayHumble #SheDontGetIt #RememberWhereYouCameFrom #MrT #Message https://t.co/KbIkeZHUX2'",19627150
2018-08-27 17:53:08,"b'RT @MrT: Work out twice a day, eat right and drink plenty of water! #ipitythefool #tuesdaymotivation #tuesdayvibes #transformationtuesday #\xe2\x80\xa6'",1005462164918939648
2018-08-27 17:52:36,"b'RT @MrT: It was a Blessing to rub elbows with the Champ! \xe2\x80\x9cI hated every minute of training, but I said, Don\xe2\x80\x99t quit. Suffer now and live the\xe2\x80\xa6'",1005462164918939648
2018-08-27 17:51:26,b'The message in this interview \xf0\x9f\x99\x8c\xf0\x9f\x8f\xbe\xf0\x9f\x99\x8c\xf0\x9f\x8f\xbe\xf0\x9f\x99\x8c\xf0\x9f\x8f\xbe #feetontheground #headtowardsheaven #stayhumble #MrT #legend #RichGirlApproved\xe2\x99\xa5\xef\xb8\x8f https://t.co/HPhz64nJB8',512737989
2018-08-27 17:03:56,b'Traditional Bank Holiday Porthcawl adventure and tasty pizza on a mountain #thetyllwyneskimo #littledragonpizzavan #mrt #porthcawlbeach #porthcawl #pizza #pizzalovers https://t.co/vCsctXXavG https://t.co/11HORRcqNu',19825895
2018-08-27 15:52:18,"b'RT @MrT: Flash Back Friday...My good Friend David Ross and I, on the set of Dancing With The Stars. Good times! #Flashbackfriday #Mrt #Ipit\xe2\x80\xa6'",1028136756053458949
2018-08-27 15:33:00,b'#atthemoxy ask for Mr T. and you get #MrT https://t.co/Acg3KKBc1C',122629872
2018-08-27 10:50:39,b'RT @coolproducts2C: Mr.T is such a down to earth guy. I love his message about the importance of being humble... respect! .\n.\n#mrt #respect\xe2\x80\xa6',851834903289266178
2018-08-27 09:22:44,b'Day 2 at Notting Hill Carnival working with @SJALondonMRT and @Ldn_Ambulance #mySJAday #MRT https://t.co/OwBhd2jA5g',951071513368768512
2018-08-27 07:32:20,"b'RT @MrT: Flash Back Friday...My good Friend David Ross and I, on the set of Dancing With The Stars. Good times! #Flashbackfriday #Mrt #Ipit\xe2\x80\xa6'",353082334
2018-08-27 07:25:43,b'RT @coolproducts2C: Mr.T is such a down to earth guy. I love his message about the importance of being humble... respect! .\n.\n#mrt #respect\xe2\x80\xa6',937622923115761665
2018-08-27 07:19:01,"b'RT @OzeBus: Latest news from the bus industry - bus industry consensus live, National Award nominations, BIC on the road  https://t.co/1ndd\xe2\x80\xa6'",289705524
2018-08-27 06:49:00,"b'RT @OzeBus: Latest news from the bus industry - bus industry consensus live, National Award nominations, BIC on the road  https://t.co/1ndd\xe2\x80\xa6'",19731393
2018-08-27 06:43:38,"b'Latest news from the bus industry - bus industry consensus live, National Award nominations, BIC on the road  https://t.co/9VDSOzuX9s  #movingpeople #publictransport #transportsolutions #MRT'",2748277483
2018-08-27 06:43:20,"b'Latest news from the bus industry - bus industry consensus live, National Award nominations, BIC on the road  https://t.co/1nddrKr0yH  #movingpeople #publictransport #transportsolutions #MRT'",3013979718
2018-08-27 06:42:56,"b'Latest news from the bus industry - bus industry consensus live, National Award nominations, BIC on the road  https://t.co/VnIlhY1kZ2  #movingpeople #publictransport #transportsolutions #MRT'",2998763778
2018-08-27 06:39:32,b'The way to solve traffic jam problem\nIs make mass trasit transportaion better better and better\n\nDeveloped Coutry is the country that ppl use public transportation  than private car\n\n#bts #mrt #bmth #thailand https://t.co/yJPOrhI0dv',1087892774
2018-08-27 05:08:10,b'@SenGracePOE The working class Pinoys who\xe2\x80\x99ve to line up for #MRT every day.',32839673
